{"stats":{"minecraft:killed":{"world:goblin":1,"minecraft:spider":2,"minecraft:slime":5,"minecraft:sheep":1,"minecraft:skeleton":2,"minecraft:zombie":5,"minecraft:chicken":2,"minecraft:stray":1,"realmrpg_demons:chort":2},"minecraft:mined":{"minecraft:crafting_table":2,"minecraft:oak_wood":2,"minecraft:grass_block":1,"world:pf_2":1,"minecraft:furnace":1,"minecraft:grass":10,"minecraft:oak_log":9,"minecraft:coal_ore":1,"minecraft:dirt":2,"minecraft:stone":34},"minecraft:killed_by":{"realmrpg_demons:chort":1},"minecraft:dropped":{"minecraft:wheat_seeds":1,"minecraft:oak_log":9,"minecraft:stone_sword":1,"minecraft:tnt":1,"minecraft:obsidian":1,"minecraft:enchanted_golden_apple":2,"minecraft:apple":2,"minecraft:cooked_mutton":5,"minecraft:golden_apple":2,"minecraft:lightning_rod":1,"minecraft:calibrated_sculk_sensor":1,"minecraft:dirt":3,"minecraft:mutton":5,"illusion_onslaught:cultstone":7,"minecraft:wooden_sword":1,"minecraft:wooden_pickaxe":5,"minecraft:bell":1,"minecraft:iron_shovel":1},"minecraft:used":{"minecraft:cooked_mutton":2,"minecraft:stone_sword":2,"minecraft:stone_pickaxe":26,"minecraft:chest":1,"minecraft:wooden_pickaxe":13,"minecraft:cooked_chicken":2,"minecraft:rotten_flesh":3,"minecraft:golden_apple":1,"minecraft:torch":8,"minecraft:crafting_table":2,"minecraft:spruce_wood":12,"minecraft:chicken":1,"minecraft:stone_axe":66,"minecraft:furnace":2},"minecraft:crafted":{"minecraft:oak_planks":44,"minecraft:crafting_table":1,"minecraft:wooden_pickaxe":1,"minecraft:cooked_chicken":2,"minecraft:furnace":1,"minecraft:stone_axe":1,"minecraft:cooked_mutton":6,"minecraft:air":0,"minecraft:stick":12,"minecraft:stone_pickaxe":1,"minecraft:chest":1,"minecraft:stone_sword":1,"minecraft:torch":8},"minecraft:custom":{"minecraft:interact_with_furnace":8,"minecraft:mob_kills":21,"minecraft:interact_with_crafting_table":4,"minecraft:time_since_death":22660,"minecraft:climb_one_cm":1578,"minecraft:time_since_rest":22722,"minecraft:sprint_one_cm":66091,"minecraft:damage_absorbed":40,"minecraft:damage_taken":816,"minecraft:walk_one_cm":127067,"minecraft:drop":33,"minecraft:damage_dealt":2239,"minecraft:swim_one_cm":5002,"minecraft:fly_one_cm":244578,"minecraft:open_chest":3,"minecraft:crouch_one_cm":771,"minecraft:play_time":66860,"minecraft:deaths":1,"minecraft:sneak_time":530,"minecraft:walk_under_water_one_cm":2937,"minecraft:jump":434,"minecraft:walk_on_water_one_cm":9048,"minecraft:total_world_time":66860,"minecraft:fall_one_cm":3909},"minecraft:picked_up":{"minecraft:crafting_table":2,"minecraft:wheat":4,"minecraft:feather":2,"minecraft:chicken":3,"minecraft:wooden_pickaxe":4,"minecraft:calibrated_sculk_sensor":1,"minecraft:oak_log":18,"minecraft:dirt":3,"minecraft:string":4,"minecraft:moss_carpet":2,"minecraft:cooked_mutton":1,"minecraft:wooden_sword":1,"minecraft:iron_shovel":1,"minecraft:bone":6,"minecraft:apple":2,"illusion_onslaught:ominous_cloth":3,"minecraft:wheat_seeds":1,"minecraft:bell":1,"minecraft:enchanted_golden_apple":2,"minecraft:oak_planks":5,"minecraft:furnace":1,"minecraft:tipped_arrow":1,"minecraft:stick":1,"minecraft:lightning_rod":1,"minecraft:spider_eye":2,"minecraft:tnt":1,"minecraft:oak_wood":2,"minecraft:arrow":4,"minecraft:rotten_flesh":6,"minecraft:slime_ball":4,"ars_nouveau:worn_notebook":1,"minecraft:golden_apple":2,"minecraft:oak_sapling":1,"minecraft:mutton":6,"minecraft:snowball":9,"minecraft:coal":5,"illusion_onslaught:cultstone":7,"minecraft:white_wool":4,"minecraft:cobblestone":36}},"DataVersion":3465}