{"stats":{"minecraft:mined":{"world:pf_2":1},"minecraft:dropped":{"minecraft:enchanted_golden_apple":2,"minecraft:apple":2,"minecraft:bell":1,"minecraft:tnt":1,"minecraft:golden_apple":2,"minecraft:lightning_rod":1,"minecraft:calibrated_sculk_sensor":1},"minecraft:used":{"minecraft:torch":3,"minecraft:spruce_wood":12},"minecraft:custom":{"minecraft:time_since_rest":42860,"minecraft:play_time":42860,"minecraft:sprint_one_cm":25631,"minecraft:damage_taken":70,"minecraft:walk_one_cm":32143,"minecraft:sneak_time":164,"minecraft:walk_under_water_one_cm":174,"minecraft:drop":10,"minecraft:jump":143,"minecraft:damage_dealt":45,"minecraft:time_since_death":42860,"minecraft:walk_on_water_one_cm":1615,"minecraft:total_world_time":42860,"minecraft:swim_one_cm":674,"minecraft:fall_one_cm":418,"minecraft:fly_one_cm":188320},"minecraft:picked_up":{"minecraft:tnt":1,"minecraft:apple":2,"minecraft:calibrated_sculk_sensor":1,"minecraft:bell":1,"minecraft:lightning_rod":1,"minecraft:golden_apple":2,"minecraft:enchanted_golden_apple":2,"minecraft:moss_carpet":2}},"DataVersion":3465}