{"stats":{"minecraft:killed":{"minecraft:sheep":1,"minecraft:chicken":2,"realmrpg_demons:chort":1},"minecraft:mined":{"minecraft:crafting_table":1,"minecraft:oak_wood":2,"minecraft:grass":2,"minecraft:oak_log":9,"world:pf_2":1,"minecraft:stone":13},"minecraft:killed_by":{"realmrpg_demons:chort":1},"minecraft:dropped":{"minecraft:tnt":1,"minecraft:enchanted_golden_apple":2,"minecraft:apple":2,"minecraft:wooden_pickaxe":4,"minecraft:bell":1,"minecraft:golden_apple":2,"minecraft:lightning_rod":1,"minecraft:calibrated_sculk_sensor":1},"minecraft:used":{"minecraft:spruce_wood":12,"minecraft:wooden_pickaxe":13,"minecraft:stone_axe":11,"minecraft:torch":3,"minecraft:crafting_table":1},"minecraft:crafted":{"minecraft:oak_planks":24,"minecraft:crafting_table":1,"minecraft:stick":12,"minecraft:wooden_pickaxe":1,"minecraft:stone_pickaxe":1,"minecraft:stone_sword":1,"minecraft:torch":8,"minecraft:stone_axe":1},"minecraft:custom":{"minecraft:time_since_rest":10722,"minecraft:sprint_one_cm":48789,"minecraft:damage_taken":485,"minecraft:walk_one_cm":83845,"minecraft:mob_kills":4,"minecraft:drop":14,"minecraft:damage_dealt":447,"minecraft:swim_one_cm":5002,"minecraft:interact_with_crafting_table":2,"minecraft:fly_one_cm":231425,"minecraft:open_chest":2,"minecraft:crouch_one_cm":771,"minecraft:play_time":54860,"minecraft:deaths":1,"minecraft:sneak_time":530,"minecraft:walk_under_water_one_cm":2599,"minecraft:jump":317,"minecraft:walk_on_water_one_cm":3842,"minecraft:time_since_death":10660,"minecraft:total_world_time":54860,"minecraft:climb_one_cm":212,"minecraft:fall_one_cm":1790},"minecraft:picked_up":{"minecraft:crafting_table":1,"minecraft:wheat":2,"minecraft:feather":2,"minecraft:chicken":2,"minecraft:wooden_pickaxe":3,"minecraft:calibrated_sculk_sensor":1,"minecraft:lightning_rod":1,"minecraft:oak_log":9,"minecraft:oak_wood":2,"minecraft:moss_carpet":2,"minecraft:tnt":1,"minecraft:apple":2,"minecraft:bell":1,"minecraft:golden_apple":2,"minecraft:enchanted_golden_apple":2,"minecraft:mutton":1,"minecraft:coal":3,"minecraft:white_wool":1,"minecraft:cobblestone":13}},"DataVersion":3465}