{"stats":{"minecraft:killed":{"minecraft:sheep":3,"minecraft:zombie":3,"minecraft:chicken":1,"realmrpg_demons:chort":1},"minecraft:mined":{"minecraft:andesite":2,"minecraft:granite":5,"minecraft:grass":5,"realmrpg_skeletons:rookie_skeleton":1,"minecraft:oak_log":8,"minecraft:dead_bush":1,"minecraft:dirt":4,"minecraft:copper_ore":5,"minecraft:tall_grass":7,"minecraft:stone":36,"minecraft:lily_pad":2},"minecraft:killed_by":{"world:goblin":1,"realmrpg_demons:chort":1,"minecraft:zombie":1},"minecraft:dropped":{"minecraft:chicken":1},"minecraft:used":{"minecraft:cooked_mutton":1,"minecraft:stone_sword":20,"minecraft:stone_pickaxe":33,"minecraft:wooden_pickaxe":20,"minecraft:rotten_flesh":2,"minecraft:golden_apple":1,"minecraft:wooden_sword":23,"minecraft:crafting_table":1},"minecraft:crafted":{"minecraft:wooden_sword":1,"minecraft:oak_planks":48,"minecraft:crafting_table":1,"minecraft:stick":8,"minecraft:stone_pickaxe":1,"minecraft:wooden_pickaxe":1},"minecraft:custom":{"minecraft:time_since_rest":8080,"minecraft:interact_with_furnace":1,"minecraft:sprint_one_cm":91163,"minecraft:damage_absorbed":40,"minecraft:damage_taken":926,"minecraft:walk_one_cm":63240,"minecraft:mob_kills":9,"minecraft:drop":1,"minecraft:damage_dealt":1771,"minecraft:swim_one_cm":4132,"minecraft:interact_with_crafting_table":4,"minecraft:fly_one_cm":103304,"minecraft:open_chest":3,"minecraft:crouch_one_cm":205,"minecraft:play_time":26026,"minecraft:deaths":3,"minecraft:sneak_time":32,"minecraft:walk_under_water_one_cm":1547,"minecraft:jump":383,"minecraft:walk_on_water_one_cm":16500,"minecraft:time_since_death":8020,"minecraft:climb_one_cm":2006,"minecraft:total_world_time":26026,"minecraft:fall_one_cm":1672},"minecraft:picked_up":{"minecraft:stick":1,"minecraft:chicken":3,"minecraft:andesite":2,"minecraft:wooden_pickaxe":2,"minecraft:oak_log":30,"minecraft:lily_pad":2,"skilltree:gem":1,"minecraft:cooked_mutton":4,"minecraft:raw_copper":20,"minecraft:dirt":23,"minecraft:stone_sword":1,"minecraft:wooden_sword":1,"rpgsmw:class_choose_orb":1,"minecraft:arrow":2,"minecraft:iron_shovel":2,"minecraft:bone":5,"minecraft:rotten_flesh":3,"illusion_onslaught:ominous_cloth":3,"minecraft:wheat_seeds":2,"ars_nouveau:worn_notebook":2,"minecraft:granite":5,"minecraft:oak_sapling":1,"minecraft:obsidian":1,"minecraft:mutton":15,"minecraft:oak_planks":5,"minecraft:snowball":16,"illusion_onslaught:cultstone":7,"minecraft:white_wool":6,"minecraft:cobblestone":34}},"DataVersion":3465}