{"stats":{"minecraft:killed":{"realmrpg_demons:chort":1,"minecraft:chicken":1,"minecraft:sheep":3},"minecraft:mined":{"realmrpg_skeletons:rookie_skeleton":1,"minecraft:oak_log":8,"minecraft:lily_pad":1},"minecraft:killed_by":{"realmrpg_demons:chort":1,"minecraft:zombie":1},"minecraft:dropped":{"minecraft:chicken":1},"minecraft:used":{"minecraft:wooden_sword":12,"minecraft:wooden_pickaxe":1,"minecraft:golden_apple":1},"minecraft:crafted":{"minecraft:wooden_sword":1,"minecraft:oak_planks":12,"minecraft:stick":4,"minecraft:wooden_pickaxe":1},"minecraft:custom":{"minecraft:time_since_rest":157,"minecraft:crouch_one_cm":205,"minecraft:play_time":14026,"minecraft:sprint_one_cm":34172,"minecraft:walk_one_cm":39154,"minecraft:damage_taken":541,"minecraft:deaths":2,"minecraft:sneak_time":31,"minecraft:walk_under_water_one_cm":269,"minecraft:mob_kills":6,"minecraft:drop":1,"minecraft:jump":125,"minecraft:damage_dealt":643,"minecraft:time_since_death":100,"minecraft:walk_on_water_one_cm":2150,"minecraft:total_world_time":14026,"minecraft:damage_absorbed":40,"minecraft:interact_with_crafting_table":2,"minecraft:fall_one_cm":418,"minecraft:fly_one_cm":33979,"minecraft:open_chest":3},"minecraft:picked_up":{"minecraft:bone":2,"rpgsmw:class_choose_orb":1,"minecraft:chicken":2,"ars_nouveau:worn_notebook":1,"minecraft:oak_log":12,"minecraft:lily_pad":1,"minecraft:white_wool":3,"minecraft:mutton":5}},"DataVersion":3465}